hub,route,slot,type,chapter,purpose,selected_asset,status,notes
Architectural Lighting,/systems/architectural-lighting/,architectural-lighting-01,photo,hero,Finished architectural hero,Denver-Penthouse_Case-Study-1.jpg,selected-illustration,
Architectural Lighting,/systems/architectural-lighting/,architectural-lighting-02,photo,overview,Installed interface / service detail,Alisse Vignette_1c2b_GP_Gray Tile_Left.jpg,selected-illustration,
Architectural Lighting,/systems/architectural-lighting/,architectural-lighting-03,photo,design,Distinct finished room / experience,Kit_Prv Res_Orlando CH_Dim.jpg,selected-illustration,
Architectural Lighting,/systems/architectural-lighting/,architectural-lighting-04,study,design,Designated signature folio,,composition-to-build,
Architectural Lighting,/systems/architectural-lighting/,architectural-lighting-05,study,systems,Technical study / cutaway,,composition-to-build,
Architectural Lighting,/systems/architectural-lighting/,architectural-lighting-06,photo,installation,Verified DAVG project wide,,missing,Genuine permission-cleared DAVG project images required. Not in the reviewed manufacturer photo set. Do not substitute a product or reference image as proof.
Architectural Lighting,/systems/architectural-lighting/,architectural-lighting-07,photo,installation,Same verified DAVG project detail,,missing,Genuine permission-cleared DAVG project images required. Not in the reviewed manufacturer photo set. Do not substitute a product or reference image as proof.
Architectural Lighting,/systems/architectural-lighting/,architectural-lighting-08,photo,overview,Verified regional architecture / conditions,,missing,A filename alone does not verify Denver/Front Range location. Select a unique regional image with confirmed provenance; keep pending until verified.
Home Intelligence,/systems/home-intelligence/,home-intelligence-01,photo,hero,Finished architectural hero,Ext_Prv Res_Orlando F_Dusk_Front.jpg,selected-illustration,
Home Intelligence,/systems/home-intelligence/,home-intelligence-02,photo,overview,Installed interface / service detail,Lux-Lighting-Lifestyle-Avalon-Beach_21.jpg,selected-illustration,
Home Intelligence,/systems/home-intelligence/,home-intelligence-03,photo,design,Distinct finished room / experience,HaloLifestyle_Alpine-5.jpg,selected-illustration,
Home Intelligence,/systems/home-intelligence/,home-intelligence-04,study,design,Designated signature folio,,composition-to-build,
Home Intelligence,/systems/home-intelligence/,home-intelligence-05,study,systems,Technical study / cutaway,,composition-to-build,
Home Intelligence,/systems/home-intelligence/,home-intelligence-06,photo,installation,Verified DAVG project wide,,missing,Genuine permission-cleared DAVG project images required. Not in the reviewed manufacturer photo set. Do not substitute a product or reference image as proof.
Home Intelligence,/systems/home-intelligence/,home-intelligence-07,photo,installation,Same verified DAVG project detail,,missing,Genuine permission-cleared DAVG project images required. Not in the reviewed manufacturer photo set. Do not substitute a product or reference image as proof.
Home Intelligence,/systems/home-intelligence/,home-intelligence-08,photo,overview,Verified regional architecture / conditions,,missing,A filename alone does not verify Denver/Front Range location. Select a unique regional image with confirmed provenance; keep pending until verified.
Media & Audio,/systems/media-audio/,media-audio-01,photo,hero,Finished architectural hero,MediaInnovations-1.jpg,selected-illustration,
Media & Audio,/systems/media-audio/,media-audio-02,photo,overview,Installed interface / service detail,MediaInnovations-2.jpg,selected-illustration,
Media & Audio,/systems/media-audio/,media-audio-03,photo,design,Distinct finished room / experience,C4-VBTX17.jpg,selected-illustration,
Media & Audio,/systems/media-audio/,media-audio-04,study,design,Designated signature folio,,composition-to-build,
Media & Audio,/systems/media-audio/,media-audio-05,study,systems,Technical study / cutaway,,composition-to-build,
Media & Audio,/systems/media-audio/,media-audio-06,photo,installation,Verified DAVG project wide,,missing,Genuine permission-cleared DAVG project images required. Not in the reviewed manufacturer photo set. Do not substitute a product or reference image as proof.
Media & Audio,/systems/media-audio/,media-audio-07,photo,installation,Same verified DAVG project detail,,missing,Genuine permission-cleared DAVG project images required. Not in the reviewed manufacturer photo set. Do not substitute a product or reference image as proof.
Media & Audio,/systems/media-audio/,media-audio-08,photo,overview,Verified regional architecture / conditions,,missing,A filename alone does not verify Denver/Front Range location. Select a unique regional image with confirmed provenance; keep pending until verified.
Private Cinemas,/systems/private-cinemas/,private-cinemas-01,photo,hero,Finished architectural hero,MediaInnovations-10.jpg,selected-illustration,
Private Cinemas,/systems/private-cinemas/,private-cinemas-02,photo,overview,Installed interface / service detail,MediaInnovations-22.jpg,selected-illustration,
Private Cinemas,/systems/private-cinemas/,private-cinemas-03,photo,design,Distinct finished room / experience,MediaInnovations-11.jpg,selected-illustration,
Private Cinemas,/systems/private-cinemas/,private-cinemas-04,study,design,Designated signature folio,,composition-to-build,
Private Cinemas,/systems/private-cinemas/,private-cinemas-05,study,systems,Technical study / cutaway,,composition-to-build,
Private Cinemas,/systems/private-cinemas/,private-cinemas-06,photo,installation,Verified DAVG project wide,,missing,Genuine permission-cleared DAVG project images required. Not in the reviewed manufacturer photo set. Do not substitute a product or reference image as proof.
Private Cinemas,/systems/private-cinemas/,private-cinemas-07,photo,installation,Same verified DAVG project detail,,missing,Genuine permission-cleared DAVG project images required. Not in the reviewed manufacturer photo set. Do not substitute a product or reference image as proof.
Private Cinemas,/systems/private-cinemas/,private-cinemas-08,photo,overview,Verified regional architecture / conditions,,missing,A filename alone does not verify Denver/Front Range location. Select a unique regional image with confirmed provenance; keep pending until verified.
Digital Infrastructure & Privacy,/systems/infrastructure-privacy/,infrastructure-privacy-01,photo,hero,Finished architectural hero,ANU-A670-US00-LIfestyleResidentialOption2v3.jpg,selected-illustration,
Digital Infrastructure & Privacy,/systems/infrastructure-privacy/,infrastructure-privacy-02,photo,overview,Installed interface / service detail,Rack_cables-1.jpg,selected-illustration,
Digital Infrastructure & Privacy,/systems/infrastructure-privacy/,infrastructure-privacy-03,photo,design,Distinct finished room / experience,AN-530-AP-Residential.jpg,selected-illustration,
Digital Infrastructure & Privacy,/systems/infrastructure-privacy/,infrastructure-privacy-04,study,design,Designated signature folio,,composition-to-build,
Digital Infrastructure & Privacy,/systems/infrastructure-privacy/,infrastructure-privacy-05,study,systems,Technical study / cutaway,,composition-to-build,
Digital Infrastructure & Privacy,/systems/infrastructure-privacy/,infrastructure-privacy-06,photo,installation,Verified DAVG project wide,,missing,Genuine permission-cleared DAVG project images required. Not in the reviewed manufacturer photo set. Do not substitute a product or reference image as proof.
Digital Infrastructure & Privacy,/systems/infrastructure-privacy/,infrastructure-privacy-07,photo,installation,Same verified DAVG project detail,,missing,Genuine permission-cleared DAVG project images required. Not in the reviewed manufacturer photo set. Do not substitute a product or reference image as proof.
Digital Infrastructure & Privacy,/systems/infrastructure-privacy/,infrastructure-privacy-08,photo,overview,Verified regional architecture / conditions,,missing,A filename alone does not verify Denver/Front Range location. Select a unique regional image with confirmed provenance; keep pending until verified.
Security Cameras & Access Control,/systems/security-access/,security-access-01,photo,hero,Finished architectural hero,Avalon Beach-Lifestyle_11.jpg,selected-illustration,
Security Cameras & Access Control,/systems/security-access/,security-access-02,photo,overview,Installed interface / service detail,Outdoor-2024-Luma-6.jpg,selected-illustration,
Security Cameras & Access Control,/systems/security-access/,security-access-03,photo,design,Distinct finished room / experience,Outdoor-2024-Luma-3.jpg,selected-illustration,
Security Cameras & Access Control,/systems/security-access/,security-access-04,study,design,Designated signature folio,,composition-to-build,
Security Cameras & Access Control,/systems/security-access/,security-access-05,study,systems,Technical study / cutaway,,composition-to-build,
Security Cameras & Access Control,/systems/security-access/,security-access-06,photo,installation,Verified DAVG project wide,,missing,Genuine permission-cleared DAVG project images required. Not in the reviewed manufacturer photo set. Do not substitute a product or reference image as proof.
Security Cameras & Access Control,/systems/security-access/,security-access-07,photo,installation,Same verified DAVG project detail,,missing,Genuine permission-cleared DAVG project images required. Not in the reviewed manufacturer photo set. Do not substitute a product or reference image as proof.
Security Cameras & Access Control,/systems/security-access/,security-access-08,photo,overview,Verified regional architecture / conditions,,missing,A filename alone does not verify Denver/Front Range location. Select a unique regional image with confirmed provenance; keep pending until verified.
Outdoor Entertainment,/systems/outdoor-entertainment/,outdoor-entertainment-01,photo,hero,Finished architectural hero,MediaInnovations-18.jpg,selected-illustration,
Outdoor Entertainment,/systems/outdoor-entertainment/,outdoor-entertainment-02,photo,overview,Installed interface / service detail,Episode Landscape Satellite Speaker 6.jpg,selected-illustration,
Outdoor Entertainment,/systems/outdoor-entertainment/,outdoor-entertainment-03,photo,design,Distinct finished room / experience,SunBriteTVSignatureProLowRes.jpg,selected-illustration,
Outdoor Entertainment,/systems/outdoor-entertainment/,outdoor-entertainment-04,study,design,Designated signature folio,,composition-to-build,
Outdoor Entertainment,/systems/outdoor-entertainment/,outdoor-entertainment-05,study,systems,Technical study / cutaway,,composition-to-build,
Outdoor Entertainment,/systems/outdoor-entertainment/,outdoor-entertainment-06,photo,installation,Verified DAVG project wide,,missing,Genuine permission-cleared DAVG project images required. Not in the reviewed manufacturer photo set. Do not substitute a product or reference image as proof.
Outdoor Entertainment,/systems/outdoor-entertainment/,outdoor-entertainment-07,photo,installation,Same verified DAVG project detail,,missing,Genuine permission-cleared DAVG project images required. Not in the reviewed manufacturer photo set. Do not substitute a product or reference image as proof.
Outdoor Entertainment,/systems/outdoor-entertainment/,outdoor-entertainment-08,photo,overview,Verified regional architecture / conditions,,missing,A filename alone does not verify Denver/Front Range location. Select a unique regional image with confirmed provenance; keep pending until verified.
Motorized Shading,/systems/motorized-shades/,motorized-shades-01,photo,hero,Finished architectural hero,LivRm_Prv Res_Orlando CH_Angle_with Shade.jpg,selected-illustration,
Motorized Shading,/systems/motorized-shades/,motorized-shades-02,photo,overview,Installed interface / service detail,BedRm_Atelier_Triathlon_Hachure_PewterBO_det1 fascia.png,selected-illustration,
Motorized Shading,/systems/motorized-shades/,motorized-shades-03,photo,design,Distinct finished room / experience,BedRm_Atelier_Palladiom_Stria_SilverBO_pre ang.jpg,selected-illustration,
Motorized Shading,/systems/motorized-shades/,motorized-shades-04,study,design,Designated signature folio,,composition-to-build,
Motorized Shading,/systems/motorized-shades/,motorized-shades-05,study,systems,Technical study / cutaway,,composition-to-build,
Motorized Shading,/systems/motorized-shades/,motorized-shades-06,photo,installation,Verified DAVG project wide,,missing,Genuine permission-cleared DAVG project images required. Not in the reviewed manufacturer photo set. Do not substitute a product or reference image as proof.
Motorized Shading,/systems/motorized-shades/,motorized-shades-07,photo,installation,Same verified DAVG project detail,,missing,Genuine permission-cleared DAVG project images required. Not in the reviewed manufacturer photo set. Do not substitute a product or reference image as proof.
Motorized Shading,/systems/motorized-shades/,motorized-shades-08,photo,overview,Verified regional architecture / conditions,,missing,A filename alone does not verify Denver/Front Range location. Select a unique regional image with confirmed provenance; keep pending until verified.
